PAIR,BULL_SAMPLES,BEAR_SAMPLES,BULL_AVG,BEAR_AVG,BULL_MEDIAN,BEAR_MEDIAN,BULL_MIN,BEAR_MIN,BULL_MAX,BEAR_MAX,BULL_STD,BEAR_STD,BULL_CV,BEAR_CV,OVERALL_SCORE
USELESSUSDT,16,24,1.3643223832414415,1.6863432721568419,1.2542770355777726,1.582360825358347,0.35392535392536184,0.08463305525329538,2.9378208784939996,3.630717783351249,0.7897204004183972,1.1144164700475354,0.5788370916719336,0.6608479355583344,0.619842513615134
ALGOUSDT,19,17,0.46298936592936696,0.562230110770605,0.4716981132075443,0.4866180048661771,0,0,1.1961722488038289,1.4563106796116585,0.29829080270776837,0.3539679754739868,0.6442713907888657,0.6295784745303492,0.6369249326596075
AIGENSYNUSDT,15,21,0.9882652760528338,0.8918169785870586,0.9020090200902069,0.7185122569737955,0.21422450728363937,0.0425713069391213,2.322635135135143,2.187902187902188,0.6307851561487927,0.6013473944005087,0.6382751387038212,0.6742946241652042,0.6562848814345128
STARUSDT,25,13,0.8981801007600968,1.5076686130018393,0.7352122089785093,1.5681315207081947,0.05744191983659623,0.4407505351970824,2.937924498499448,2.898726500909646,0.7203346757060927,0.7806494121322819,0.8019935813502214,0.5177858087646808,0.6598896950574511
EIGENUSDT,20,18,0.6948896085775599,0.5742843235503462,0.7108879345398325,0.5640745591173273,0.042698548249354824,0,2.222222222222229,1.2068248023304144,0.5070946588555921,0.3574600298746035,0.7297485134273567,0.6224443454501954,0.6760964294387761
MORPHOUSDT,15,24,0.5986797852654508,0.8385391768959516,0.5015190239668316,0.8018433390309093,0.06139025311673966,0.0049407114624610195,1.5223924717938575,2.1867155821587234,0.4187822488573771,0.566653816644317,0.6995095862000613,0.6757630797190876,0.6876363329595745
VIRTUALUSDT,18,19,0.6910858263000248,0.877720927578995,0.6260198927391671,0.7177814029363718,0.06611570247934992,0.09102494083379864,1.8544711614018599,2.5335076822490943,0.41351295028083335,0.6865411164629383,0.5983525266242586,0.7821861082389988,0.6902693174316288
VVVUSDT,15,21,0.5815762884115554,0.7907207439546861,0.49746660525103886,0.6441077746529958,0.05699088145896872,0.019391118867565133,1.7395264116575497,2.3588480485032264,0.3830210488258948,0.5771249907178823,0.65859123980455,0.729872075736204,0.6942316577703771
TACUSDT,21,19,2.3076585379545564,2.220938646733601,2.237721592560297,2.67411107846018,0.1611343860779825,0,6.572923479398307,5.4525627044711,1.418587780791399,1.7321294172777153,0.6147303673657001,0.7799087200473585,0.6973195437065293
GRAMUSDT,12,23,0.4142436834180623,0.39803022552772654,0.3964992210923532,0.30902348578491307,0.12594458438287165,0,0.8376288659793893,1.5586034912718147,0.19916496879405324,0.3654196018952341,0.480791806288214,0.9180699817727264,0.6994308940304702
FILUSDT,15,19,0.4374315084024298,0.5009793329163326,0.4305977710232977,0.36292935839274465,0.10545742156604573,0.01335291761249686,0.9425435765009793,1.9726459758022112,0.20274061883933872,0.4699832349749587,0.463479687551041,0.9381289887530142,0.7008043381520276
WLDUSDT,18,21,0.9885710394645439,0.8334668060670479,1.1396857921029733,0.6330716637123328,0.04928536224742077,0.025220680958383094,1.9272464466393655,2.584933530280652,0.5354865276407024,0.7183506503159328,0.5416773365430033,0.8618827349653867,0.701780035754195
XMRUSDT,19,18,0.43042105843674155,0.4195070434416232,0.3194207836456593,0.3005439306405161,0.10798469702579994,0.01853339099277268,1.1706410653453174,1.2667434389963048,0.27763292115422056,0.3309728373694409,0.6450263427225504,0.7889565682953728,0.7169914555089616
BASEDUSDT,19,19,1.2818787618309866,1.3645388937110332,1.085383502170762,1.4389256022170007,0,0,3.2485717486277585,3.772935779816515,0.9235735525322714,0.9750084693752255,0.7204843235042557,0.7145332931651136,0.7175088083346847
SEIUSDT,16,20,0.3851099277982925,0.5138511388544911,0.3354828577706209,0.38746094563632083,0.0413223140495851,0,1.0065735414954897,1.7190775681341746,0.2641136374197234,0.3904379100925381,0.6858136297074562,0.7598268848112832,0.7228202572593697
NATGASUSDT,16,19,0.36428742979003564,0.43073943674037135,0.2788374035277398,0.3191489361702092,0.03407155025553287,0.03486750348674651,0.8233276157804467,1.4513274336283315,0.2467129263164171,0.3362362366961071,0.6772479809655113,0.7806023967542444,0.7289251888598778
INJUSDT,18,19,0.7254270911133525,0.6244096313949791,0.6236330283859801,0.6523955147808365,0.0201085863663673,0,1.6875124081794712,1.9532908704883338,0.47591033822620077,0.5049241134396718,0.6560415844076009,0.8086424168564353,0.732342000632018
POLUSDT,19,13,0.41303469014148,0.3398522611766334,0.3611412062116224,0.2398944464435717,0.09644364074743429,0.05901794145421195,1.1268280987772838,1.0878762238607664,0.2717261102872763,0.2813289737948724,0.6578772117039366,0.827797857871705,0.7428375347878209
TREEUSDT,19,18,0.4761201557942903,0.8077083706834647,0.4370830457787041,0.6139827542657161,0.0457770656900874,0,1.2365468284863723,1.8493761140819904,0.32180937592708064,0.6556483087782159,0.6758995014403879,0.8117389054955826,0.7438192034679852
XAUTUSDT,10,16,0.2563676071437881,0.10102025974500217,0.207797104508005,0.08227948928338255,0.08242553855064534,0.00025110486138417865,0.4678608021528959,0.38542448544226604,0.12593891542896354,0.10083203750779955,0.491243479751826,0.9981367872377508,0.7446901334947884
TAOUSDT,13,19,0.5747168364392042,0.5294745679676801,0.5928282244071669,0.5150917055793546,0.1055117318997176,0.005167424555611475,1.5389026954693168,1.5952288595810806,0.42618830947185127,0.3961617521509079,0.7415622484846677,0.7482167720945005,0.7448895102895841
TRXUSDT,13,17,0.11755670834199441,0.10373911524123529,0.10401052341766556,0.06175126590094417,0,0.003068425897517643,0.23388933341541157,0.2754654154684492,0.0715463800724442,0.09261065670573922,0.6086116316246489,0.8927264946339872,0.750669063129318
PENDLEUSDT,17,21,0.6513559175563733,0.8843197774361006,0.562394551021677,0.6298350106113422,0.17780035560070573,0.012588116817722683,1.6002000250031294,2.6612146400321803,0.45003032427506984,0.7170455251192795,0.6909130816887386,0.810844157752756,0.7508786197207473
TRUMPUSDT,18,17,0.6174367922910194,0.41178065107818984,0.6117678551597636,0.3160556257901323,0.06455777921238799,0.06337135614701456,1.1597938144329907,1.4964216005204887,0.3687967741136284,0.3726024080355553,0.5973028797736459,0.9048565226655215,0.7510797012195838
WIFUSDT,19,15,0.6441453534553675,0.5620833460633105,0.5221932114882475,0.4590163934426088,0.06451612903225096,0,2.1192052980132323,1.7532029669588616,0.4702210822762351,0.43471244966391853,0.7299921978072865,0.7733950004185937,0.7516935991129401
FETUSDT,16,22,0.4284411852820043,0.43977191565477275,0.34075184501845557,0.3106773403008448,0.06169031462059777,0,1.012017710309942,1.8459579885423207,0.23534552757538807,0.4215802604555919,0.5493064991417229,0.9586338859949811,0.753970192568352
BEATUSDT,17,21,1.3827043691520968,1.4491266450665694,1.155651859877213,1.1805026656511688,0.07770007770006915,0.18903591682419257,4.010397326401786,3.7581699346405264,0.9759424677792998,1.164293806477926,0.7058214970259826,0.8034451719190085,0.7546333344724956
MYXUSDT,20,18,1.2950544112059847,1.6165062233309753,0.9984025348312305,1.1490723119894262,0.29645600323408144,0.16969696969697118,3.6223506743738,4.844855743059327,0.9748253178589055,1.2269645619613014,0.7527292362574368,0.7590224796246168,0.7558758579410267
ARBUSDT,18,22,0.7563939713336643,0.8921016074313394,0.6996159453497222,0.8074321042357602,0.08669267446900383,0,1.7791615701100902,2.4073236889692664,0.46662287411782244,0.7998216605531746,0.616904538907256,0.8965589276944924,0.7567317333008743
SLXUSDT,12,27,1.037035240713397,1.2173542481455042,0.7621193989003227,0.935097868293854,0.2964426877470349,0.10687273923050908,3.091018066615294,3.4122074111869334,0.7888501454738344,0.9178789815324977,0.7606782436160693,0.7539949714150816,0.7573366075155754
PAXGUSDT,10,17,0.25424783204350054,0.09646948846875568,0.1911164159852221,0.07419704651088356,0.06461755567384542,0,0.46347738911852826,0.3741362290227012,0.1282768830082385,0.09758756862995326,0.5045348154091279,1.0115899874555643,0.758062401432346
XAUUSDT,10,13,0.22732349244922548,0.12079558674682946,0.17712140120107073,0.079977220110681,0.054581243316268326,0.00950315553496474,0.4834975369458155,0.39342630708931675,0.13783392815456966,0.11040041158937969,0.6063338490427072,0.9139440815893665,0.7601389653160369
UNIUSDT,17,19,0.6797374600223788,0.9826467688859024,0.4446914952751533,0.9982886480319494,0.027048958615090338,0,1.9007391763463586,2.4800456100342,0.5423380211855245,0.7282127196341891,0.7978639593699446,0.7410727259194232,0.7694683426446839
COLLECTUSDT,17,20,0.8595878346368833,0.7626591912795553,0.7276995305164268,0.6040279860573933,0.14207909069381378,0.11916110581504885,2.576687116564406,2.1492951236422466,0.6857804691606874,0.5669839320327805,0.7978015061722953,0.7434302746440653,0.7706158904081803
GWEIUSDT,10,29,3.348114013003767,2.389371666373765,3.033383851140859,2.0134228187919576,0.578034682080928,0.17921146953404288,10.144927536231883,7.034220532319395,2.760194931059001,1.725375017584566,0.8244029087237345,0.7221040752538448,0.7732534919887897
ENAUSDT,20,19,0.5023663602729724,0.6037371135886146,0.4841464997872692,0.5470737913486002,0.036809815950905975,0,1.0630407911001232,2.5339134886101813,0.3069986871624126,0.5696450822343608,0.6111051842635278,0.9435316620646184,0.7773184231640731
CHZUSDT,15,21,0.40223178709464236,0.48377179033491574,0.35906642728905463,0.3603603603603665,0,0,0.871080139372807,1.5643802647412746,0.2656504366047924,0.434430399951951,0.6604411812492748,0.8980068880229547,0.7792240346361148
PENGUUSDT,17,20,0.45509212002077676,0.637246871776145,0.37072856221791717,0.3383811822340629,0,0.03288932741325876,1.1806566391719253,1.8107970891859781,0.30267422025533225,0.5694979724752325,0.6650834126539347,0.8936850029375873,0.779384207795761
AVAXUSDT,18,19,0.46789418516896497,0.38747022367177625,0.31423659231877776,0.2678172890938818,0.030878493129531875,0,1.272420665338024,1.1636693365573652,0.3653455134911043,0.3017508924230805,0.7808293521732301,0.7787718229380431,0.7798005875556366
GOOGLUSDT,13,18,0.1780883026930954,0.16341268832542982,0.16667562772192177,0.10736535959143084,0.013973115725331728,0,0.3974982626824202,0.536301406780577,0.1258151381418238,0.14137827055290383,0.7064761482883274,0.865160912544041,0.7858185304161842
DOTUSDT,21,18,0.6874547808300473,0.5129575828804726,0.6984866123399307,0.410455257212207,0,0,1.6336056009334903,1.9323671497584558,0.4514108137715349,0.4712397231755489,0.6566407367572483,0.9186719114850388,0.7876563241211436
REUSDT,17,22,1.0732073592698144,0.8958806956030309,0.6730229949523363,0.6309691262929666,0.22633744855968013,0.05288207297725488,2.3769386378961572,3.421052631578946,0.6685655572230407,0.8567854292356375,0.6229602801810056,0.9563610795954502,0.789660679888228
VELVETUSDT,19,21,1.2142243486867117,2.3169885169295434,1.1026753434562533,1.6696130426242513,0.08865248226951347,0,4.26690876078075,7.967398536260821,0.9318629066534247,1.885216791823481,0.767455295770765,0.8136496051010891,0.790552450435927
EDGEUSDT,17,20,1.5134731590498638,1.9199317056632108,1.1927480916030544,1.6574679036398148,0,0.09564801530368519,4.761904761904766,6.120276742948367,1.3721975975639433,1.2957187148461151,0.906654729460408,0.674877502686237,0.7907661160733226
PYTHUSDT,22,16,0.7390285056214921,0.95742817637631,0.6404295759403212,0.4966689760222075,0.12195121951220425,0,1.3956438993444722,3.7703513281919405,0.3877100271868821,1.0229286750687197,0.5246212077581962,1.0684129632995731,0.7965170855288847
RIFUSDT,21,18,1.3141496192207316,1.1136726450486811,0.6362507759155814,1.141548197103167,0.03738876841396433,0,4.70985372126668,2.2649969078540417,1.2625665837852218,0.7080979835817649,0.9607479736849921,0.6358223726962534,0.7982851731906228
